INSERT INTO movies_genres (movie_id, genre_id) VALUES (1, 1);
INSERT INTO movies_genres (movie_id, genre_id) VALUES (1, 2);
INSERT INTO movies_genres (movie_id, genre_id) VALUES (2, 1);
INSERT INTO movies_genres (movie_id, genre_id) VALUES (2, 2);
INSERT INTO movies_genres (movie_id, genre_id) VALUES (2, 3);
INSERT INTO movies_genres (movie_id, genre_id) VALUES (2, 4);
INSERT INTO movies_genres (movie_id, genre_id) VALUES (3, 1);
INSERT INTO movies_genres (movie_id, genre_id) VALUES (3, 5);
INSERT INTO movies_genres (movie_id, genre_id) VALUES (4, 1);
INSERT INTO movies_genres (movie_id, genre_id) VALUES (4, 6);
INSERT INTO movies_genres (movie_id, genre_id) VALUES (5, 1);
INSERT INTO movies_genres (movie_id, genre_id) VALUES (5, 6);
INSERT INTO movies_genres (movie_id, genre_id) VALUES (5, 7);
INSERT INTO movies_genres (movie_id, genre_id) VALUES (6, 1);
INSERT INTO movies_genres (movie_id, genre_id) VALUES (6, 4);
INSERT INTO movies_genres (movie_id, genre_id) VALUES (6, 8);
INSERT INTO movies_genres (movie_id, genre_id) VALUES (6, 9);
INSERT INTO movies_genres (movie_id, genre_id) VALUES (6, 10);
INSERT INTO movies_genres (movie_id, genre_id) VALUES (7, 1);
INSERT INTO movies_genres (movie_id, genre_id) VALUES (7, 5);
INSERT INTO movies_genres (movie_id, genre_id) VALUES (7, 7);
INSERT INTO movies_genres (movie_id, genre_id) VALUES (8, 1);
INSERT INTO movies_genres (movie_id, genre_id) VALUES (8, 2);
INSERT INTO movies_genres (movie_id, genre_id) VALUES (8, 10);
INSERT INTO movies_genres (movie_id, genre_id) VALUES (9, 3);
INSERT INTO movies_genres (movie_id, genre_id) VALUES (9, 8);
INSERT INTO movies_genres (movie_id, genre_id) VALUES (9, 9);
INSERT INTO movies_genres (movie_id, genre_id) VALUES (9, 11);
INSERT INTO movies_genres (movie_id, genre_id) VALUES (10, 3);
INSERT INTO movies_genres (movie_id, genre_id) VALUES (10, 8);
INSERT INTO movies_genres (movie_id, genre_id) VALUES (10, 9);
INSERT INTO movies_genres (movie_id, genre_id) VALUES (10, 11);
INSERT INTO movies_genres (movie_id, genre_id) VALUES (11, 3);
INSERT INTO movies_genres (movie_id, genre_id) VALUES (11, 11);
INSERT INTO movies_genres (movie_id, genre_id) VALUES (11, 12);
INSERT INTO movies_genres (movie_id, genre_id) VALUES (11, 13);
INSERT INTO movies_genres (movie_id, genre_id) VALUES (11, 14);
INSERT INTO movies_genres (movie_id, genre_id) VALUES (12, 1);
INSERT INTO movies_genres (movie_id, genre_id) VALUES (12, 5);
INSERT INTO movies_genres (movie_id, genre_id) VALUES (13, 1);
INSERT INTO movies_genres (movie_id, genre_id) VALUES (14, 3);
INSERT INTO movies_genres (movie_id, genre_id) VALUES (14, 11);
INSERT INTO movies_genres (movie_id, genre_id) VALUES (14, 12);
INSERT INTO movies_genres (movie_id, genre_id) VALUES (14, 13);
INSERT INTO movies_genres (movie_id, genre_id) VALUES (15, 1);
INSERT INTO movies_genres (movie_id, genre_id) VALUES (15, 9);
INSERT INTO movies_genres (movie_id, genre_id) VALUES (16, 2);
INSERT INTO movies_genres (movie_id, genre_id) VALUES (16, 7);
INSERT INTO movies_genres (movie_id, genre_id) VALUES (17, 1);
INSERT INTO movies_genres (movie_id, genre_id) VALUES (17, 2);
INSERT INTO movies_genres (movie_id, genre_id) VALUES (17, 8);
INSERT INTO movies_genres (movie_id, genre_id) VALUES (17, 9);
INSERT INTO movies_genres (movie_id, genre_id) VALUES (17, 10);
INSERT INTO movies_genres (movie_id, genre_id) VALUES (18, 3);
INSERT INTO movies_genres (movie_id, genre_id) VALUES (18, 7);
INSERT INTO movies_genres (movie_id, genre_id) VALUES (18, 11);
INSERT INTO movies_genres (movie_id, genre_id) VALUES (18, 13);
INSERT INTO movies_genres (movie_id, genre_id) VALUES (18, 14);
INSERT INTO movies_genres (movie_id, genre_id) VALUES (19, 1);
INSERT INTO movies_genres (movie_id, genre_id) VALUES (19, 12);
INSERT INTO movies_genres (movie_id, genre_id) VALUES (19, 4);
INSERT INTO movies_genres (movie_id, genre_id) VALUES (19, 10);
INSERT INTO movies_genres (movie_id, genre_id) VALUES (20, 1);
INSERT INTO movies_genres (movie_id, genre_id) VALUES (21, 15);
INSERT INTO movies_genres (movie_id, genre_id) VALUES (22, 7);
INSERT INTO movies_genres (movie_id, genre_id) VALUES (23, 2);
INSERT INTO movies_genres (movie_id, genre_id) VALUES (23, 7);
INSERT INTO movies_genres (movie_id, genre_id) VALUES (24, 1);
INSERT INTO movies_genres (movie_id, genre_id) VALUES (24, 7);
INSERT INTO movies_genres (movie_id, genre_id) VALUES (24, 11);
INSERT INTO movies_genres (movie_id, genre_id) VALUES (24, 15);
INSERT INTO movies_genres (movie_id, genre_id) VALUES (25, 1);
INSERT INTO movies_genres (movie_id, genre_id) VALUES (25, 11);
INSERT INTO movies_genres (movie_id, genre_id) VALUES (25, 15);


INSERT INTO movies_countries (movie_id, country_id) VALUES (1,1);
INSERT INTO movies_countries (movie_id, country_id) VALUES (2,1);
INSERT INTO movies_countries (movie_id, country_id) VALUES (3,1);
INSERT INTO movies_countries (movie_id, country_id) VALUES (4,1);
INSERT INTO movies_countries (movie_id, country_id) VALUES (5,2);
INSERT INTO movies_countries (movie_id, country_id) VALUES (6,1);
INSERT INTO movies_countries (movie_id, country_id) VALUES (6,3);
INSERT INTO movies_countries (movie_id, country_id) VALUES (7,4);
INSERT INTO movies_countries (movie_id, country_id) VALUES (8,1);
INSERT INTO movies_countries (movie_id, country_id) VALUES (8,5);
INSERT INTO movies_countries (movie_id, country_id) VALUES (9,1);
INSERT INTO movies_countries (movie_id, country_id) VALUES (10,1);
INSERT INTO movies_countries (movie_id, country_id) VALUES (11,6);
INSERT INTO movies_countries (movie_id, country_id) VALUES (12,1);
INSERT INTO movies_countries (movie_id, country_id) VALUES (13,1);
INSERT INTO movies_countries (movie_id, country_id) VALUES (14,6);
INSERT INTO movies_countries (movie_id, country_id) VALUES (15,1);
INSERT INTO movies_countries (movie_id, country_id) VALUES (15,3);
INSERT INTO movies_countries (movie_id, country_id) VALUES (16,1);
INSERT INTO movies_countries (movie_id, country_id) VALUES (16,3);
INSERT INTO movies_countries (movie_id, country_id) VALUES (17,1);
INSERT INTO movies_countries (movie_id, country_id) VALUES (17,3);
INSERT INTO movies_countries (movie_id, country_id) VALUES (18,1);
INSERT INTO movies_countries (movie_id, country_id) VALUES (19,1);
INSERT INTO movies_countries (movie_id, country_id) VALUES (20,1);
INSERT INTO movies_countries (movie_id, country_id) VALUES (21,1);
INSERT INTO movies_countries (movie_id, country_id) VALUES (21,4);
INSERT INTO movies_countries (movie_id, country_id) VALUES (21,5);
INSERT INTO movies_countries (movie_id, country_id) VALUES (21,7);
INSERT INTO movies_countries (movie_id, country_id) VALUES (22,4);
INSERT INTO movies_countries (movie_id, country_id) VALUES (23,4);
INSERT INTO movies_countries (movie_id, country_id) VALUES (24,1);
INSERT INTO movies_countries (movie_id, country_id) VALUES (25,1);
INSERT INTO movies_countries (movie_id, country_id) VALUES (25,3);



INSERT INTO posters (movie_id, poster_picture_path)
VALUES ('1', 'https://images-na.ssl-images-amazon.com/images/M/MV5BODU4MjU4NjIwNl5BMl5BanBnXkFtZTgwMDU2MjEyMDE@._V1._SY209_CR0,0,140,209_.jpg');
INSERT INTO posters (movie_id, poster_picture_path)
VALUES ('2', 'https://images-na.ssl-images-amazon.com/images/M/MV5BMTUxMzQyNjA5MF5BMl5BanBnXkFtZTYwOTU2NTY3._V1._SY209_CR0,0,140,209_.jpg');
INSERT INTO posters (movie_id, poster_picture_path)
VALUES ('3', 'https://images-na.ssl-images-amazon.com/images/M/MV5BNWIwODRlZTUtY2U3ZS00Yzg1LWJhNzYtMmZiYmEyNmU1NjMzXkEyXkFqcGdeQXVyMTQxNzMzNDI@._V1._SY209_CR2,0,140,209_.jpg');
INSERT INTO posters (movie_id, poster_picture_path)
VALUES ('4', 'https://images-na.ssl-images-amazon.com/images/M/MV5BNDE4OTMxMTctNmRhYy00NWE2LTg3YzItYTk3M2UwOTU5Njg4XkEyXkFqcGdeQXVyNjU0OTQ0OTY@._V1._SX140_CR0,0,140,209_.jpg');
INSERT INTO posters (movie_id, poster_picture_path)
VALUES ('5', 'https://images-na.ssl-images-amazon.com/images/M/MV5BMTYxNDA3MDQwNl5BMl5BanBnXkFtZTcwNTU4Mzc1Nw@@._V1._SY209_CR0,0,140,209_.jpg');
INSERT INTO posters (movie_id, poster_picture_path)
VALUES ('6', 'https://images-na.ssl-images-amazon.com/images/M/MV5BMjAxMzY3NjcxNF5BMl5BanBnXkFtZTcwNTI5OTM0Mw@@._V1._SY209_CR0,0,140,209_.jpg');
INSERT INTO posters (movie_id, poster_picture_path)
VALUES ('7', 'https://images-na.ssl-images-amazon.com/images/M/MV5BYmJmM2Q4NmMtYThmNC00ZjRlLWEyZmItZTIwOTBlZDQ3NTQ1XkEyXkFqcGdeQXVyMTQxNzMzNDI@._V1._SY209_CR0,0,140,209_.jpg');
INSERT INTO posters (movie_id, poster_picture_path)
VALUES ('8', 'https://images-na.ssl-images-amazon.com/images/M/MV5BZGY5Y2RjMmItNDg5Yy00NjUwLThjMTEtNDc2OGUzNTBiYmM1XkEyXkFqcGdeQXVyNjU0OTQ0OTY@._V1._SY209_CR0,0,140,209_.jpg');
INSERT INTO posters (movie_id, poster_picture_path)
VALUES ('9', 'https://images-na.ssl-images-amazon.com/images/M/MV5BYTUwNTdiMzMtNThmNS00ODUzLThlMDMtMTM5Y2JkNWJjOGQ2XkEyXkFqcGdeQXVyNzQ1ODk3MTQ@._V1._SX140_CR0,0,140,209_.jpg');
INSERT INTO posters (movie_id, poster_picture_path)
VALUES ('10', 'https://images-na.ssl-images-amazon.com/images/M/MV5BYmViY2M2MTYtY2MzOS00YjQ1LWIzYmEtOTBiNjhlMGM0NjZjXkEyXkFqcGdeQXVyNDYyMDk5MTU@._V1._SX140_CR0,0,140,209_.jpg');
INSERT INTO posters (movie_id, poster_picture_path)
VALUES ('11', 'https://images-na.ssl-images-amazon.com/images/M/MV5BOGJjNzZmMmUtMjljNC00ZjU5LWJiODQtZmEzZTU0MjBlNzgxL2ltYWdlXkEyXkFqcGdeQXVyNTAyODkwOQ@@._V1._SY209_CR0,0,140,209_.jpg');
INSERT INTO posters (movie_id, poster_picture_path)
VALUES ('12', 'https://images-na.ssl-images-amazon.com/images/M/MV5BMDdmZGU3NDQtY2E5My00ZTliLWIzOTUtMTY4ZGI1YjdiNjk3XkEyXkFqcGdeQXVyNTA4NzY1MzY@._V1._SY209_CR0,0,140,209_.jpg');
INSERT INTO posters (movie_id, poster_picture_path)
VALUES ('13', 'https://images-na.ssl-images-amazon.com/images/M/MV5BZjA0OWVhOTAtYWQxNi00YzNhLWI4ZjYtNjFjZTEyYjJlNDVlL2ltYWdlL2ltYWdlXkEyXkFqcGdeQXVyMTQxNzMzNDI@._V1._SY209_CR0,0,140,209_.jpg');
INSERT INTO posters (movie_id, poster_picture_path)
VALUES ('14', 'https://images-na.ssl-images-amazon.com/images/M/MV5BZTRhY2QwM2UtNWRlNy00ZWQwLTg3MjktZThmNjQ3NTdjN2IxXkEyXkFqcGdeQXVyMzg2MzE2OTE@._V1._SY209_CR5,0,140,209_.jpg');
INSERT INTO posters (movie_id, poster_picture_path)
VALUES ('15', 'https://images-na.ssl-images-amazon.com/images/M/MV5BMDliMmNhNDEtODUyOS00MjNlLTgxODEtN2U3NzIxMGVkZTA1L2ltYWdlXkEyXkFqcGdeQXVyNjU0OTQ0OTY@._V1._SY209_CR0,0,140,209_.jpg');
INSERT INTO posters (movie_id, poster_picture_path)
VALUES ('16', 'https://images-na.ssl-images-amazon.com/images/M/MV5BMTA2NDYxOGYtYjU1Mi00Y2QzLTgxMTQtMWI1MGI0ZGQ5MmU4XkEyXkFqcGdeQXVyNDk3NzU2MTQ@._V1._SY209_CR1,0,140,209_.jpg');
INSERT INTO posters (movie_id, poster_picture_path)
VALUES ('17', 'https://images-na.ssl-images-amazon.com/images/M/MV5BMTMxNTMwODM0NF5BMl5BanBnXkFtZTcwODAyMTk2Mw@@._V1._SY209_CR0,0,140,209_.jpg');
INSERT INTO posters (movie_id, poster_picture_path)
VALUES ('18', 'https://images-na.ssl-images-amazon.com/images/M/MV5BMjA5NDQyMjc2NF5BMl5BanBnXkFtZTcwMjg5ODcyMw@@._V1._SY209_CR0,0,140,209_.jpg');
INSERT INTO posters (movie_id, poster_picture_path)
VALUES ('19', 'https://images-na.ssl-images-amazon.com/images/M/MV5BNjNhZTk0ZmEtNjJhMi00YzFlLWE1MmEtYzM1M2ZmMGMwMTU4XkEyXkFqcGdeQXVyNjU0OTQ0OTY@._V1._SY209_CR1,0,140,209_.jpg');
INSERT INTO posters (movie_id, poster_picture_path)
VALUES ('20', 'https://images-na.ssl-images-amazon.com/images/M/MV5BMTc5NTk2OTU1Nl5BMl5BanBnXkFtZTcwMDc3NjAwMg@@._V1._SY209_CR0,0,140,209_.jpg');
INSERT INTO posters (movie_id, poster_picture_path)
VALUES ('21', 'https://images-na.ssl-images-amazon.com/images/M/MV5BOTQ5NDI3MTI4MF5BMl5BanBnXkFtZTgwNDQ4ODE5MDE@._V1._SX140_CR0,0,140,209_.jpg');
INSERT INTO posters (movie_id, poster_picture_path)
VALUES ('22', 'https://images-na.ssl-images-amazon.com/images/M/MV5BMTc5NTM5OTY0Nl5BMl5BanBnXkFtZTcwNjg1MjcyMQ@@._V1._SY209_CR3,0,140,209_.jpg');
INSERT INTO posters (movie_id, poster_picture_path)
VALUES ('23', 'https://images-na.ssl-images-amazon.com/images/M/MV5BMjk5YmMxMjMtMTlkNi00YTI5LThhYTMtOTk2NmNiNzQwMzI0XkEyXkFqcGdeQXVyMTQ3Njg3MQ@@._V1._SX140_CR0,0,140,209_.jpg');
INSERT INTO posters (movie_id, poster_picture_path)
VALUES ('24', 'https://images-na.ssl-images-amazon.com/images/M/MV5BMjIyNTQ5NjQ1OV5BMl5BanBnXkFtZTcwODg1MDU4OA@@._V1._SY209_CR0,0,140,209_.jpg');
INSERT INTO posters (movie_id, poster_picture_path)
VALUES ('25', 'https://images-na.ssl-images-amazon.com/images/M/MV5BMTY3OTI5NDczN15BMl5BanBnXkFtZTcwNDA0NDY3Mw@@._V1._SX140_CR0,0,140,209_.jpg');





INSERT INTO reviews (movie_id, user_id, review_review)
VALUES (1, 2,
        'Гениальное кино! Смотришь и думаешь «Так не бывает!», но позже понимаешь,' ||
        'что только так и должно быть. Начинаешь заново осмысливать значение фразы, которую постоянно используешь в своей ' ||
        'жизни, «Надежда умирает последней». Ведь если ты не надеешься, то все в твоей жизни гаснет, не остается смысла. ' ||
        'Фильм наполнен бесконечным числом правильных афоризмов. Я уверена, что буду пересматривать его сотни раз.');
INSERT INTO reviews (movie_id, user_id, review_review)
VALUES (1, 3,
        'Кино это является, безусловно, «со знаком качества». Что же до первого места в рейтинге, то, думаю, здесь имело ' ||
        'место быть выставление «десяточек» от большинства зрителей вкупе с раздутыми восторженными откликами кинокритиков. ' ||
        'Фильм атмосферный. Он драматичный. И, конечно, заслуживает того, чтобы находиться довольно высоко в мировом кинематографе.');
INSERT INTO reviews (movie_id, user_id, review_review)
VALUES (2, 1,
        'Перестал удивляться тому, что этот фильм занимает сплошь первые места во всевозможных кино рейтингах. Особенно ' ||
        'я люблю когда при экранизации литературного произведение из него в силу специфики кинематографа исчезает ирония ' ||
        'и появляется некий сверхреализм, обязанный удерживать зрителя у экрана каждую отдельно взятую секунду.');
INSERT INTO reviews (movie_id, user_id, review_review)
VALUES (3, 5,
        'Много еще можно сказать об этом шедевре. И то, что он учит верить, и то, чтобы никогда не сдаваться… Но самый ' ||
        'главный девиз я увидел вот в этой фразе: «Занимайся жизнью, или занимайся смертью».');
INSERT INTO reviews (movie_id, user_id, review_review)
VALUES (4, 6,
        'Очень хороший фильм, необычный сюжет, я бы даже сказала непредсказуемый. Такие фильмы уже стали редкостью.');
INSERT INTO reviews (movie_id, user_id, review_review)
VALUES (5, 9,
        'У меня не найдётся слов, чтобы описать этот фильм. Не хочется быть банальной и говорить какой он отличный, ' ||
        'непредсказуемый и т. д., но от этого никуда не деться к сожалению — ведь он ШЕДЕВРАЛЬНЫЙ!');
INSERT INTO reviews (movie_id, user_id, review_review)
VALUES (5, 7,
        'Скажу сразу — фильм выглядел многообещающе, даже если не брать в расчет что он находился в топе-250 лучших ' ||
        'фильмов. Известные голливудские актеры на главных ролях. Но нет в этом фильме должной атмосферы. Нет такого ' ||
        'чувства что вот сейчас случится что-то страшное. Что герои попали в ситуацию из которой не смогут выбраться. ' ||
        'В общем, не понравилось.');
INSERT INTO reviews (movie_id, user_id, review_review)
VALUES (7, 3,
        '«Все должно быть супер! Супер! Су-пер!» И это именно супер, ну слов других не подберешь.');
INSERT INTO reviews (movie_id, user_id, review_review)
VALUES (8, 10,
        'Фильм очень красивый. Не во всем, конечно, но яркие персонажи и костюмы — это уже кое-что.');
INSERT INTO reviews (movie_id, user_id, review_review)
VALUES (18, 3,
        'Этот фильм из разряда тех, что могут обеспечить хороший отдых и приподнятое настроение за счёт своей лёгкости, ' ||
        'совсем непошлого юмора, умеренной дозы напряжения, динамики нужных скоростей.');
INSERT INTO reviews (movie_id, user_id, review_review)
VALUES (18, 5,
        'Назначается Киношедевром среди развлекательных фильмов.');
INSERT INTO reviews (movie_id, user_id, review_review)
VALUES (15, 7,
        'Данный кинофильм — нестареющая классика мирового кинематографа, который можно пересматривать до бесконечности ' ||
        'и, что удивительно, он не может надоесть.');
INSERT INTO reviews (movie_id, user_id, review_review)
VALUES (17, 4,
        'Рекомендую смотреть всем и не обращать внимания на надоевшее уже спасение целого мира одним человеком.');
INSERT INTO reviews (movie_id, user_id, review_review)
VALUES (16, 4,
        'Удивлен. Никто не отозвался плохо? Неужели было создано произведение искусства, которое нравится всем, и ' ||
        'которое совершенно? Нет. Может, я один такой? Фильм не вызывает во мне никаких эмоций. Неплохая сказочка. ' ||
        'Замечательная наивная атмосфера. Местами есть забавные шутки. И, как мне показалось, этот фильм — своего рода ' ||
        'стёб над другими боевиками. При этом превосходящий многие боевики.');
INSERT INTO reviews (movie_id, user_id, review_review)
VALUES (11, 10,
        'Необыкновенно позитивный фильм. Его можно пересматривать много раз для поднятия настроения, находя много ' ||
        'смешных, незаметных на первый взгляд моментов.');
INSERT INTO reviews (movie_id, user_id, review_review)
VALUES (9, 7,
        'Легендарный. Культовый. Бессмертный. Три слова. Всего лишь три. А сколько же они выражают неподдельных эмоций ' ||
        'и радостных впечатлений по отношению к очередному любимому и уважаемому фильму из минувшего в лету детства? ' ||
        'Много. Слишком много. И описать эти сердечные и гарцующие в здравом рассудке чувства обыкновенными строчными ' ||
        'предложениями иногда не представляется возможным.');
INSERT INTO reviews (movie_id, user_id, review_review)
VALUES (16, 6,
        'Приятного просмотра для всех, кто не видел ещё этого шедевра больше впечатлений для тех, кто пересматривает в ' ||
        'надцатый раз. =)');
INSERT INTO reviews (movie_id, user_id, review_review)
VALUES (16, 5,
        'Это один из любимых моих фильмов с самого детства. Я видела его столько раз, что знаю практически наизусть. И ' ||
        'могу сказать с уверенностью, что посмотрю еще не один раз.');
INSERT INTO reviews (movie_id, user_id, review_review)
VALUES (19, 3,
        'Фильм, безусловно, посмотрела уже большая часть населения, которая хоть каким-то образом имеет отношение к ' ||
        'кинематографу. Я считаю, что фильм можно пересмотреть еще не один раз.');
INSERT INTO reviews (movie_id, user_id, review_review)
VALUES (18, 8,
        'Фильм продуман до мельчайших деталей. Идеальный фильм для улучшения настроения, единственный в своем роде. ' ||
        'Обязателен к просмотру!');
INSERT INTO reviews (movie_id, user_id, review_review)
VALUES (23, 5,
        'Фильм потрясающий, в нем хватает абсолютно всего: и драк, и музыки, и юмора, и любви.');
INSERT INTO reviews (movie_id, user_id, review_review)
VALUES (20, 1,
        'У фильма есть свои мелкие недостатки  и неточности, но многочисленные достоинства в несколько раз перевешивают. ' ||
        'Много вдохновляющего креатива!');
INSERT INTO reviews (movie_id, user_id, review_review)
VALUES (19, 2,
        'Хоть и не по возрасту мне заводить скрипучую пластинку с мелодией «Раньше и деревья были выше, и трава зеленее…», ' ||
        'а хочется. Выражать свою любовь к настолько близкому произведению крайне сложно.');
INSERT INTO reviews (movie_id, user_id, review_review)
VALUES (23, 8,
        'Вердикт: прекрасная, нестареющая классика, которая рекомендована мною для всех.');
INSERT INTO reviews (movie_id, user_id, review_review)
VALUES (21, 4,
        'Для воскресного вечернего просмотра подходит по всем критериям.');
INSERT INTO reviews (movie_id, user_id, review_review)
VALUES (22, 5,
        'Хороший и по-настоящему интересный фильм, с хорошим сюжетом и неплохим музыкальным сопровождением. ' ||
        'Всем советую к просмотру.');
INSERT INTO reviews (movie_id, user_id, review_review)
VALUES (24, 6,
        'Полагаю, этот фильм должен быть в коллекции каждого уважающего себя киномана.');
INSERT INTO reviews (movie_id, user_id, review_review)
VALUES (25, 7,
        'Нетленный шедевр мирового кинематографа, который можно пересматривать десятки раз и получать все такой — же, ' ||
        'извините за выражение, кайф от просмотра. Минусы у фильма, конечно, есть, но черт возьми. Их просто не хочется ' ||
        'замечать! Ты настолько поглощен просмотром фильма, что просто не хочется придираться к разным мелочам.');
INSERT INTO reviews (movie_id, user_id, review_review)
VALUES (24,8,
        'Фильм только выигрывает от частого просмотра и всегда поднимает мне настроение (наряду с драмой, тут еще и тонкий юмор).');
INSERT INTO reviews (movie_id, user_id, review_review)
VALUES (22, 9,
        'Конечно, бесспорно культовый фильм, не реалистичный, наивный, где то глупый, но такой же увлекательный и ' ||
        'удивительный, как и много лет назад');
INSERT INTO reviews (movie_id, user_id, review_review)
VALUES (12, 9,
        'В итоге мы имеем отличный представитель своего жанра, который прошёл проверку временем и до сих пор отлично ' ||
        'смотрится, несмотря на классический сюжет');
INSERT INTO reviews (movie_id, user_id, review_review)
VALUES (13, 10,
        'Скажу только одно — как я жалею, что не посмотрела его раньше!');